{"paths": {"tinymce/skins/ui/oxide/fonts/tinymce-mobile.woff": "tinymce/skins/ui/oxide/fonts/tinymce-mobile.baecf466c40e.woff", "tinymce/skins/ui/oxide-dark/fonts/tinymce-mobile.woff": "tinymce/skins/ui/oxide-dark/fonts/tinymce-mobile.baecf466c40e.woff", "admin/js/vendor/select2/i18n/af.js": "admin/js/vendor/select2/i18n/af.4f6fcd73488c.js", "admin/js/vendor/select2/i18n/ar.js": "admin/js/vendor/select2/i18n/ar.65aa8e36bf5d.js", "admin/js/vendor/select2/i18n/az.js": "admin/js/vendor/select2/i18n/az.270c257daf81.js", "admin/js/vendor/select2/i18n/bg.js": "admin/js/vendor/select2/i18n/bg.39b8be30d4f0.js", "admin/js/vendor/select2/i18n/bn.js": "admin/js/vendor/select2/i18n/bn.6d42b4dd5665.js", "admin/js/vendor/select2/i18n/bs.js": "admin/js/vendor/select2/i18n/bs.91624382358e.js", "admin/js/vendor/select2/i18n/ca.js": "admin/js/vendor/select2/i18n/ca.a166b745933a.js", "admin/js/vendor/select2/i18n/cs.js": "admin/js/vendor/select2/i18n/cs.4f43e8e7d33a.js", "admin/js/vendor/select2/i18n/da.js": "admin/js/vendor/select2/i18n/da.766346afe4dd.js", "admin/js/vendor/select2/i18n/de.js": "admin/js/vendor/select2/i18n/de.8a1c222b0204.js", "admin/js/vendor/select2/i18n/dsb.js": "admin/js/vendor/select2/i18n/dsb.56372c92d2f1.js", "admin/js/vendor/select2/i18n/el.js": "admin/js/vendor/select2/i18n/el.27097f071856.js", "admin/js/vendor/select2/i18n/en.js": "admin/js/vendor/select2/i18n/en.cf932ba09a98.js", "admin/js/vendor/select2/i18n/es.js": "admin/js/vendor/select2/i18n/es.66dbc2652fb1.js", "admin/js/vendor/select2/i18n/et.js": "admin/js/vendor/select2/i18n/et.2b96fd98289d.js", "admin/js/vendor/select2/i18n/eu.js": "admin/js/vendor/select2/i18n/eu.adfe5c97b72c.js", "admin/js/vendor/select2/i18n/fa.js": "admin/js/vendor/select2/i18n/fa.3b5bd1961cfd.js", "admin/js/vendor/select2/i18n/fi.js": "admin/js/vendor/select2/i18n/fi.614ec42aa9ba.js", "admin/js/vendor/select2/i18n/fr.js": "admin/js/vendor/select2/i18n/fr.05e0542fcfe6.js", "admin/js/vendor/select2/i18n/gl.js": "admin/js/vendor/select2/i18n/gl.d99b1fedaa86.js", "admin/js/vendor/select2/i18n/he.js": "admin/js/vendor/select2/i18n/he.e420ff6cd3ed.js", "admin/js/vendor/select2/i18n/hi.js": "admin/js/vendor/select2/i18n/hi.70640d41628f.js", "admin/js/vendor/select2/i18n/hr.js": "admin/js/vendor/select2/i18n/hr.a2b092cc1147.js", "admin/js/vendor/select2/i18n/hsb.js": "admin/js/vendor/select2/i18n/hsb.fa3b55265efe.js", "admin/js/vendor/select2/i18n/hu.js": "admin/js/vendor/select2/i18n/hu.6ec6039cb8a3.js", "admin/js/vendor/select2/i18n/hy.js": "admin/js/vendor/select2/i18n/hy.c7babaeef5a6.js", "admin/js/vendor/select2/i18n/id.js": "admin/js/vendor/select2/i18n/id.04debded514d.js", "admin/js/vendor/select2/i18n/is.js": "admin/js/vendor/select2/i18n/is.3ddd9a6a97e9.js", "admin/js/vendor/select2/i18n/it.js": "admin/js/vendor/select2/i18n/it.be4fe8d365b5.js", "admin/js/vendor/select2/i18n/ja.js": "admin/js/vendor/select2/i18n/ja.170ae885d74f.js", "admin/js/vendor/select2/i18n/ka.js": "admin/js/vendor/select2/i18n/ka.2083264a54f0.js", "admin/js/vendor/select2/i18n/km.js": "admin/js/vendor/select2/i18n/km.c23089cb06ca.js", "admin/js/vendor/select2/i18n/ko.js": "admin/js/vendor/select2/i18n/ko.e7be6c20e673.js", "admin/js/vendor/select2/i18n/lt.js": "admin/js/vendor/select2/i18n/lt.23c7ce903300.js", "admin/js/vendor/select2/i18n/lv.js": "admin/js/vendor/select2/i18n/lv.08e62128eac1.js", "admin/js/vendor/select2/i18n/mk.js": "admin/js/vendor/select2/i18n/mk.dabbb9087130.js", "admin/js/vendor/select2/i18n/ms.js": "admin/js/vendor/select2/i18n/ms.4ba82c9a51ce.js", "admin/js/vendor/select2/i18n/nb.js": "admin/js/vendor/select2/i18n/nb.da2fce143f27.js", "admin/js/vendor/select2/i18n/ne.js": "admin/js/vendor/select2/i18n/ne.3d79fd3f08db.js", "admin/js/vendor/select2/i18n/nl.js": "admin/js/vendor/select2/i18n/nl.997868a37ed8.js", "admin/js/vendor/select2/i18n/pl.js": "admin/js/vendor/select2/i18n/pl.6031b4f16452.js", "admin/js/vendor/select2/i18n/ps.js": "admin/js/vendor/select2/i18n/ps.38dfa47af9e0.js", "admin/js/vendor/select2/i18n/pt-BR.js": "admin/js/vendor/select2/i18n/pt-BR.e1b294433e7f.js", "admin/js/vendor/select2/i18n/pt.js": "admin/js/vendor/select2/i18n/pt.33b4a3b44d43.js", "admin/js/vendor/select2/i18n/ro.js": "admin/js/vendor/select2/i18n/ro.f75cb460ec3b.js", "admin/js/vendor/select2/i18n/ru.js": "admin/js/vendor/select2/i18n/ru.934aa95f5b5f.js", "admin/js/vendor/select2/i18n/sk.js": "admin/js/vendor/select2/i18n/sk.33d02cef8d11.js", "admin/js/vendor/select2/i18n/sl.js": "admin/js/vendor/select2/i18n/sl.131a78bc0752.js", "admin/js/vendor/select2/i18n/sq.js": "admin/js/vendor/select2/i18n/sq.5636b60d29c9.js", "admin/js/vendor/select2/i18n/sr-Cyrl.js": "admin/js/vendor/select2/i18n/sr-Cyrl.f254bb8c4c7c.js", "admin/js/vendor/select2/i18n/sr.js": "admin/js/vendor/select2/i18n/sr.5ed85a48f483.js", "admin/js/vendor/select2/i18n/sv.js": "admin/js/vendor/select2/i18n/sv.7a9c2f71e777.js", "admin/js/vendor/select2/i18n/th.js": "admin/js/vendor/select2/i18n/th.f38c20b0221b.js", "admin/js/vendor/select2/i18n/tk.js": "admin/js/vendor/select2/i18n/tk.7c572a68c78f.js", "admin/js/vendor/select2/i18n/tr.js": "admin/js/vendor/select2/i18n/tr.b5a0643d1545.js", "admin/js/vendor/select2/i18n/uk.js": "admin/js/vendor/select2/i18n/uk.8cede7f4803c.js", "admin/js/vendor/select2/i18n/vi.js": "admin/js/vendor/select2/i18n/vi.097a5b75b3e1.js", "admin/js/vendor/select2/i18n/zh-CN.js": "admin/js/vendor/select2/i18n/zh-CN.2cff662ec5f9.js", "admin/js/vendor/select2/i18n/zh-TW.js": "admin/js/vendor/select2/i18n/zh-TW.04554a227c2b.js", "assets/vendor/bootstrap/css/bootstrap-grid.css": "assets/vendor/bootstrap/css/bootstrap-grid.adab9506f0ef.css", "assets/vendor/bootstrap/css/bootstrap-grid.css.map": "assets\\vendor\\bootstrap\\css\\bootstrap-grid.css.66c1d408fa03.map", "assets/vendor/bootstrap/css/bootstrap-grid.min.css": "assets/vendor/bootstrap/css/bootstrap-grid.min.b46b5898c6f0.css", "assets/vendor/bootstrap/css/bootstrap-grid.min.css.map": "assets\\vendor\\bootstrap\\css\\bootstrap-grid.min.css.4c88618131a9.map", "assets/vendor/bootstrap/css/bootstrap-grid.rtl.css": "assets/vendor/bootstrap/css/bootstrap-grid.rtl.6d0cccf75245.css", "assets/vendor/bootstrap/css/bootstrap-grid.rtl.css.map": "assets\\vendor\\bootstrap\\css\\bootstrap-grid.rtl.css.b36d34720e6e.map", "assets/vendor/bootstrap/css/bootstrap-grid.rtl.min.css": "assets/vendor/bootstrap/css/bootstrap-grid.rtl.min.4dc1dbbf0065.css", "assets/vendor/bootstrap/css/bootstrap-grid.rtl.min.css.map": "assets\\vendor\\bootstrap\\css\\bootstrap-grid.rtl.min.css.e102705b4ef7.map", "assets/vendor/bootstrap/css/bootstrap-reboot.css": "assets/vendor/bootstrap/css/bootstrap-reboot.038441115332.css", "assets/vendor/bootstrap/css/bootstrap-reboot.css.map": "assets\\vendor\\bootstrap\\css\\bootstrap-reboot.css.815840212f00.map", "assets/vendor/bootstrap/css/bootstrap-reboot.min.css": "assets/vendor/bootstrap/css/bootstrap-reboot.min.99f3094e2ac3.css", "assets/vendor/bootstrap/css/bootstrap-reboot.min.css.map": "assets\\vendor\\bootstrap\\css\\bootstrap-reboot.min.css.65e75eff0e53.map", "assets/vendor/bootstrap/css/bootstrap-reboot.rtl.css": "assets/vendor/bootstrap/css/bootstrap-reboot.rtl.c3f995420463.css", "assets/vendor/bootstrap/css/bootstrap-reboot.rtl.css.map": "assets\\vendor\\bootstrap\\css\\bootstrap-reboot.rtl.css.0db9ae78a926.map", "assets/vendor/bootstrap/css/bootstrap-reboot.rtl.min.css": "assets/vendor/bootstrap/css/bootstrap-reboot.rtl.min.7563ad759280.css", "assets/vendor/bootstrap/css/bootstrap-reboot.rtl.min.css.map": "assets\\vendor\\bootstrap\\css\\bootstrap-reboot.rtl.min.css.b1b4996d9181.map", "assets/vendor/bootstrap/css/bootstrap-utilities.css": "assets/vendor/bootstrap/css/bootstrap-utilities.1b94d79688d5.css", "assets/vendor/bootstrap/css/bootstrap-utilities.css.map": "assets\\vendor\\bootstrap\\css\\bootstrap-utilities.css.15cf3481c5c5.map", "assets/vendor/bootstrap/css/bootstrap-utilities.min.css": "assets/vendor/bootstrap/css/bootstrap-utilities.min.ca461f907820.css", "assets/vendor/bootstrap/css/bootstrap-utilities.min.css.map": "assets\\vendor\\bootstrap\\css\\bootstrap-utilities.min.css.9c866169e504.map", "assets/vendor/bootstrap/css/bootstrap-utilities.rtl.css": "assets/vendor/bootstrap/css/bootstrap-utilities.rtl.c659fcac0687.css", "assets/vendor/bootstrap/css/bootstrap-utilities.rtl.css.map": "assets\\vendor\\bootstrap\\css\\bootstrap-utilities.rtl.css.9b02cbdc8e67.map", "assets/vendor/bootstrap/css/bootstrap-utilities.rtl.min.css": "assets/vendor/bootstrap/css/bootstrap-utilities.rtl.min.8c95fd3bebc3.css", "assets/vendor/bootstrap/css/bootstrap-utilities.rtl.min.css.map": "assets\\vendor\\bootstrap\\css\\bootstrap-utilities.rtl.min.css.5617820d1635.map", "assets/vendor/bootstrap/css/bootstrap.css": "assets/vendor/bootstrap/css/bootstrap.5dab75eb8d6b.css", "assets/vendor/bootstrap/css/bootstrap.css.map": "assets\\vendor\\bootstrap\\css\\bootstrap.css.68ac681d3f10.map", "assets/vendor/bootstrap/css/bootstrap.min.css": "assets/vendor/bootstrap/css/bootstrap.min.9f9b2f73c278.css", "assets/vendor/bootstrap/css/bootstrap.min.css.map": "assets\\vendor\\bootstrap\\css\\bootstrap.min.css.1ba0636f372a.map", "assets/vendor/bootstrap/css/bootstrap.rtl.css": "assets/vendor/bootstrap/css/bootstrap.rtl.0728f694460c.css", "assets/vendor/bootstrap/css/bootstrap.rtl.css.map": "assets\\vendor\\bootstrap\\css\\bootstrap.rtl.css.2bc070f911d8.map", "assets/vendor/bootstrap/css/bootstrap.rtl.min.css": "assets/vendor/bootstrap/css/bootstrap.rtl.min.abfb67fa5100.css", "assets/vendor/bootstrap/css/bootstrap.rtl.min.css.map": "assets\\vendor\\bootstrap\\css\\bootstrap.rtl.min.css.c785010d3a05.map", "assets/vendor/bootstrap/js/bootstrap.bundle.js": "assets/vendor/bootstrap/js/bootstrap.bundle.c42c7e1536ee.js", "assets/vendor/bootstrap/js/bootstrap.bundle.js.map": "assets\\vendor\\bootstrap\\js\\bootstrap.bundle.js.2bf3db742d63.map", "assets/vendor/bootstrap/js/bootstrap.bundle.min.js": "assets/vendor/bootstrap/js/bootstrap.bundle.min.533155813f48.js", "assets/vendor/bootstrap/js/bootstrap.bundle.min.js.map": "assets\\vendor\\bootstrap\\js\\bootstrap.bundle.min.js.4e2153fcdc3d.map", "assets/vendor/bootstrap/js/bootstrap.esm.js": "assets/vendor/bootstrap/js/bootstrap.esm.187b587ac043.js", "assets/vendor/bootstrap/js/bootstrap.esm.js.map": "assets\\vendor\\bootstrap\\js\\bootstrap.esm.js.932835b0e45f.map", "assets/vendor/bootstrap/js/bootstrap.esm.min.js": "assets/vendor/bootstrap/js/bootstrap.esm.min.b510c5ea98f7.js", "assets/vendor/bootstrap/js/bootstrap.esm.min.js.map": "assets\\vendor\\bootstrap\\js\\bootstrap.esm.min.js.9942c441969e.map", "assets/vendor/bootstrap/js/bootstrap.js": "assets/vendor/bootstrap/js/bootstrap.5f84679ea445.js", "assets/vendor/bootstrap/js/bootstrap.js.map": "assets\\vendor\\bootstrap\\js\\bootstrap.js.816377a23824.map", "assets/vendor/bootstrap/js/bootstrap.min.js": "assets/vendor/bootstrap/js/bootstrap.min.7fa677507a2b.js", "assets/vendor/bootstrap/js/bootstrap.min.js.map": "assets\\vendor\\bootstrap\\js\\bootstrap.min.js.2128ea8092d4.map", "assets/vendor/bootstrap-icons/fonts/bootstrap-icons.woff": "assets\\vendor\\bootstrap-icons\\fonts\\bootstrap-icons.3d0ec57f40d6.woff", "assets/vendor/bootstrap-icons/fonts/bootstrap-icons.woff2": "assets\\vendor\\bootstrap-icons\\fonts\\bootstrap-icons.a30fb81bd521.woff2", "assets/vendor/glightbox/css/glightbox.css": "assets/vendor/glightbox/css/glightbox.76e8ba51c713.css", "assets/vendor/glightbox/css/glightbox.min.css": "assets/vendor/glightbox/css/glightbox.min.9b438b29cef1.css", "assets/vendor/glightbox/css/plyr.css": "assets/vendor/glightbox/css/plyr.a39f7b91915f.css", "assets/vendor/glightbox/css/plyr.min.css": "assets/vendor/glightbox/css/plyr.min.72c244ef0688.css", "assets/vendor/glightbox/js/glightbox.js": "assets/vendor/glightbox/js/glightbox.7bafdeb041b5.js", "assets/vendor/glightbox/js/glightbox.min.js": "assets/vendor/glightbox/js/glightbox.min.2b4c8cbaade2.js", "tinymce/plugins/emoticons/js/emojiimages.js": "tinymce/plugins/emoticons/js/emojiimages.b7c1a7f3d27f.js", "tinymce/plugins/emoticons/js/emojiimages.min.js": "tinymce/plugins/emoticons/js/emojiimages.min.cd8d1bac37c0.js", "tinymce/plugins/emoticons/js/emojis.js": "tinymce/plugins/emoticons/js/emojis.a64de2c5911d.js", "tinymce/plugins/emoticons/js/emojis.min.js": "tinymce/plugins/emoticons/js/emojis.min.1f434c25c9c5.js", "tinymce/skins/content/dark/content.min.css": "tinymce/skins/content/dark/content.min.4c0b8cf274d1.css", "tinymce/skins/content/default/content.min.css": "tinymce/skins/content/default/content.min.5022f9908e1f.css", "tinymce/skins/content/document/content.min.css": "tinymce/skins/content/document/content.min.0ccaf40378ed.css", "tinymce/skins/content/writer/content.min.css": "tinymce/skins/content/writer/content.min.856c1120d71e.css", "tinymce/skins/ui/oxide/content.inline.min.css": "tinymce/skins/ui/oxide/content.inline.min.22d0980afc1f.css", "tinymce/skins/ui/oxide/content.min.css": "tinymce/skins/ui/oxide/content.min.6de47628a73e.css", "tinymce/skins/ui/oxide/content.mobile.min.css": "tinymce/skins/ui/oxide/content.mobile.min.411c2608b6be.css", "tinymce/skins/ui/oxide/skin.min.css": "tinymce/skins/ui/oxide/skin.min.40292756e45a.css", "tinymce/skins/ui/oxide/skin.mobile.min.css": "tinymce/skins/ui/oxide/skin.mobile.min.a2bbc33fbb7a.css", "tinymce/skins/ui/oxide/skin.shadowdom.min.css": "tinymce/skins/ui/oxide/skin.shadowdom.min.e27cb72c7ae5.css", "tinymce/skins/ui/oxide-dark/content.inline.min.css": "tinymce/skins/ui/oxide-dark/content.inline.min.22d0980afc1f.css", "tinymce/skins/ui/oxide-dark/content.min.css": "tinymce/skins/ui/oxide-dark/content.min.23903b9d6f5e.css", "tinymce/skins/ui/oxide-dark/content.mobile.min.css": "tinymce/skins/ui/oxide-dark/content.mobile.min.411c2608b6be.css", "tinymce/skins/ui/oxide-dark/skin.min.css": "tinymce/skins/ui/oxide-dark/skin.min.9e3824fbdfc2.css", "tinymce/skins/ui/oxide-dark/skin.mobile.min.css": "tinymce/skins/ui/oxide-dark/skin.mobile.min.a2bbc33fbb7a.css", "tinymce/skins/ui/oxide-dark/skin.shadowdom.min.css": "tinymce/skins/ui/oxide-dark/skin.shadowdom.min.e27cb72c7ae5.css", "admin/css/vendor/select2/LICENSE-SELECT2.md": "admin\\css\\vendor\\select2\\LICENSE-SELECT2.f94142512c91.md", "admin/css/vendor/select2/select2.css": "admin/css/vendor/select2/select2.a2194c262648.css", "admin/css/vendor/select2/select2.min.css": "admin/css/vendor/select2/select2.min.9f54e6414f87.css", "admin/js/vendor/jquery/jquery.js": "admin/js/vendor/jquery/jquery.0208b96062ba.js", "admin/js/vendor/jquery/jquery.min.js": "admin/js/vendor/jquery/jquery.min.641dd1437010.js", "admin/js/vendor/jquery/LICENSE.txt": "admin\\js\\vendor\\jquery\\LICENSE.de877aa6d744.txt", "admin/js/vendor/select2/LICENSE.md": "admin\\js\\vendor\\select2\\LICENSE.f94142512c91.md", "admin/js/vendor/select2/select2.full.js": "admin/js/vendor/select2/select2.full.c2afdeda3058.js", "admin/js/vendor/select2/select2.full.min.js": "admin/js/vendor/select2/select2.full.min.fcd7500d8e13.js", "admin/js/vendor/xregexp/LICENSE.txt": "admin\\js\\vendor\\xregexp\\LICENSE.bf79e414957a.txt", "admin/js/vendor/xregexp/xregexp.js": "admin/js/vendor/xregexp/xregexp.efda034b9537.js", "admin/js/vendor/xregexp/xregexp.min.js": "admin/js/vendor/xregexp/xregexp.min.b0439563a5d3.js", "assets/img/blog/blog-1.jpg": "assets\\img\\blog\\blog-1.104a9df65e5d.jpg", "assets/img/blog/blog-2.jpg": "assets\\img\\blog\\blog-2.033112e1fcd8.jpg", "assets/img/blog/blog-3.jpg": "assets\\img\\blog\\blog-3.5125d55a8fbf.jpg", "assets/img/blog/blog-4.jpg": "assets\\img\\blog\\blog-4.2dbf8fdc5475.jpg", "assets/img/blog/blog-author.jpg": "assets\\img\\blog\\blog-author.ef42f8e1a442.jpg", "assets/img/blog/blog-inside-post.jpg": "assets\\img\\blog\\blog-inside-post.e1d7fedfedc5.jpg", "assets/img/blog/blog-recent-1.jpg": "assets\\img\\blog\\blog-recent-1.0e8571f16a05.jpg", "assets/img/blog/blog-recent-2.jpg": "assets\\img\\blog\\blog-recent-2.b13e3dc2831f.jpg", "assets/img/blog/blog-recent-3.jpg": "assets\\img\\blog\\blog-recent-3.7adff20e2362.jpg", "assets/img/blog/blog-recent-4.jpg": "assets\\img\\blog\\blog-recent-4.8da8efda9c9d.jpg", "assets/img/blog/blog-recent-5.jpg": "assets\\img\\blog\\blog-recent-5.5125d55a8fbf.jpg", "assets/img/blog/comments-1.jpg": "assets\\img\\blog\\comments-1.c38e7ac9d2e3.jpg", "assets/img/blog/comments-2.jpg": "assets\\img\\blog\\comments-2.22c9ae40fa9a.jpg", "assets/img/blog/comments-3.jpg": "assets\\img\\blog\\comments-3.c7beb9734e5b.jpg", "assets/img/blog/comments-4.jpg": "assets\\img\\blog\\comments-4.4396223dba1b.jpg", "assets/img/blog/comments-5.jpg": "assets\\img\\blog\\comments-5.b8e0d3f0967d.jpg", "assets/img/blog/comments-6.jpg": "assets\\img\\blog\\comments-6.a2530c62a2e4.jpg", "assets/img/clients/client-1.png": "assets\\img\\clients\\client-1.43b197a638e4.png", "assets/img/clients/client-2.png": "assets\\img\\clients\\client-2.e2a4a3202714.png", "assets/img/clients/client-3.png": "assets\\img\\clients\\client-3.62e6ddc7b2af.png", "assets/img/clients/client-4.png": "assets\\img\\clients\\client-4.d67b707c39af.png", "assets/img/clients/client-5.png": "assets\\img\\clients\\client-5.cb2b1e765cec.png", "assets/img/clients/client-6.png": "assets\\img\\clients\\client-6.089f8364b3c1.png", "assets/img/clients/client-7.png": "assets\\img\\clients\\client-7.f7e4e200db1f.png", "assets/img/clients/client-8.png": "assets\\img\\clients\\client-8.8b8bc362a453.png", "assets/img/portfolio/portfolio-1.jpg": "assets\\img\\portfolio\\portfolio-1.e9e2c7b34ed6.jpg", "assets/img/portfolio/portfolio-2.jpg": "assets\\img\\portfolio\\portfolio-2.d0f85e115eee.jpg", "assets/img/portfolio/portfolio-3.jpg": "assets\\img\\portfolio\\portfolio-3.0433809ec303.jpg", "assets/img/portfolio/portfolio-4.jpg": "assets\\img\\portfolio\\portfolio-4.2b0df4f7824d.jpg", "assets/img/portfolio/portfolio-5.jpg": "assets\\img\\portfolio\\portfolio-5.f275fd26c42a.jpg", "assets/img/portfolio/portfolio-6.jpg": "assets\\img\\portfolio\\portfolio-6.0c46aa93be52.jpg", "assets/img/portfolio/portfolio-7.jpg": "assets\\img\\portfolio\\portfolio-7.b23326931c9c.jpg", "assets/img/portfolio/portfolio-8.jpg": "assets\\img\\portfolio\\portfolio-8.df1afa143934.jpg", "assets/img/portfolio/portfolio-9.jpg": "assets\\img\\portfolio\\portfolio-9.184fa0b5cd8b.jpg", "assets/img/team/team-1.jpg": "assets\\img\\team\\team-1.6199a2ce6421.jpg", "assets/img/team/team-2.jpg": "assets\\img\\team\\team-2.2451fb86051e.jpg", "assets/img/team/team-3.jpg": "assets\\img\\team\\team-3.2d3913707e8b.jpg", "assets/img/team/team-4.jpg": "assets\\img\\team\\team-4.237c2c5ea358.jpg", "assets/img/testimonials/testimonials-1.jpg": "assets\\img\\testimonials\\testimonials-1.2eb96321ab48.jpg", "assets/img/testimonials/testimonials-2.jpg": "assets\\img\\testimonials\\testimonials-2.b6d170186833.jpg", "assets/img/testimonials/testimonials-3.jpg": "assets\\img\\testimonials\\testimonials-3.3d677828b23c.jpg", "assets/img/testimonials/testimonials-4.jpg": "assets\\img\\testimonials\\testimonials-4.08d8679b1e42.jpg", "assets/img/testimonials/testimonials-5.jpg": "assets\\img\\testimonials\\testimonials-5.72fb04435870.jpg", "assets/vendor/aos/aos.cjs.js": "assets/vendor/aos/aos.cjs.d9f4c76336e2.js", "assets/vendor/aos/aos.css": "assets/vendor/aos/aos.6bb554531803.css", "assets/vendor/aos/aos.esm.js": "assets/vendor/aos/aos.esm.b3eeb124f7ed.js", "assets/vendor/aos/aos.js": "assets/vendor/aos/aos.aa20b6e0418d.js", "assets/vendor/aos/aos.js.map": "assets\\vendor\\aos\\aos.js.b61a352e956c.map", "assets/vendor/bootstrap-icons/bootstrap-icons.css": "assets/vendor/bootstrap-icons/bootstrap-icons.0ac5993c4509.css", "assets/vendor/bootstrap-icons/bootstrap-icons.json": "assets\\vendor\\bootstrap-icons\\bootstrap-icons.d2bbe7e52253.json", "assets/vendor/bootstrap-icons/bootstrap-icons.min.css": "assets/vendor/bootstrap-icons/bootstrap-icons.min.0f65621034fd.css", "assets/vendor/bootstrap-icons/bootstrap-icons.scss": "assets\\vendor\\bootstrap-icons\\bootstrap-icons.4a97a0cf4ca0.scss", "assets/vendor/isotope-layout/isotope.pkgd.js": "assets/vendor/isotope-layout/isotope.pkgd.8896e082b3fa.js", "assets/vendor/isotope-layout/isotope.pkgd.min.js": "assets/vendor/isotope-layout/isotope.pkgd.min.2afcff647ed2.js", "assets/vendor/php-email-form/validate.js": "assets/vendor/php-email-form/validate.942e0d365d33.js", "assets/vendor/purecounter/purecounter_vanilla.js": "assets/vendor/purecounter/purecounter_vanilla.9b0a554854ab.js", "assets/vendor/purecounter/purecounter_vanilla.js.map": "assets\\vendor\\purecounter\\purecounter_vanilla.js.5aacc5b6c44e.map", "assets/vendor/remixicon/remixicon.css": "assets/vendor/remixicon/remixicon.3b8cc6eea9ab.css", "assets/vendor/remixicon/remixicon.eot": "assets\\vendor\\remixicon\\remixicon.8173c8631178.eot", "assets/vendor/remixicon/remixicon.glyph.json": "assets\\vendor\\remixicon\\remixicon.glyph.c0260b6b102e.json", "assets/vendor/remixicon/remixicon.less": "assets\\vendor\\remixicon\\remixicon.eac84a548baf.less", "assets/vendor/remixicon/remixicon.svg": "assets\\vendor\\remixicon\\remixicon.91aed90041ae.svg", "assets/vendor/remixicon/remixicon.symbol.svg": "assets\\vendor\\remixicon\\remixicon.symbol.03709c65b0d1.svg", "assets/vendor/remixicon/remixicon.ttf": "assets\\vendor\\remixicon\\remixicon.bb68cee10bf7.ttf", "assets/vendor/remixicon/remixicon.woff": "assets\\vendor\\remixicon\\remixicon.5e5c483b6a10.woff", "assets/vendor/remixicon/remixicon.woff2": "assets\\vendor\\remixicon\\remixicon.7e882391f28a.woff2", "assets/vendor/swiper/swiper-bundle.min.css": "assets/vendor/swiper/swiper-bundle.min.04720c60bc02.css", "assets/vendor/swiper/swiper-bundle.min.js": "assets/vendor/swiper/swiper-bundle.min.75fcd91b78e3.js", "assets/vendor/swiper/swiper-bundle.min.js.map": "assets\\vendor\\swiper\\swiper-bundle.min.js.3b736f395302.map", "rest_framework/docs/css/base.css": "rest_framework/docs/css/base.e630f8f4990e.css", "rest_framework/docs/css/highlight.css": "rest_framework/docs/css/highlight.e0e4d973c6d7.css", "rest_framework/docs/css/jquery.json-view.min.css": "rest_framework/docs/css/jquery.json-view.min.a2e6beeb6710.css", "rest_framework/docs/img/favicon.ico": "rest_framework\\docs\\img\\favicon.5195b4d0f3eb.ico", "rest_framework/docs/img/grid.png": "rest_framework\\docs\\img\\grid.a4b938cf382b.png", "rest_framework/docs/js/api.js": "rest_framework/docs/js/api.18a5ba8a1bd8.js", "rest_framework/docs/js/highlight.pack.js": "rest_framework/docs/js/highlight.pack.479b5f21dcba.js", "rest_framework/docs/js/jquery.json-view.min.js": "rest_framework/docs/js/jquery.json-view.min.b7c2d6981377.js", "tinymce/icons/default/icons.min.js": "tinymce/icons/default/icons.min.18db240f0fcf.js", "tinymce/plugins/advlist/plugin.min.js": "tinymce/plugins/advlist/plugin.min.00d4fb9eca62.js", "tinymce/plugins/anchor/plugin.min.js": "tinymce/plugins/anchor/plugin.min.51c8b564e509.js", "tinymce/plugins/autolink/plugin.min.js": "tinymce/plugins/autolink/plugin.min.688b6d2b9127.js", "tinymce/plugins/autoresize/plugin.min.js": "tinymce/plugins/autoresize/plugin.min.8eaa32d783b8.js", "tinymce/plugins/autosave/plugin.min.js": "tinymce/plugins/autosave/plugin.min.3b843a25997a.js", "tinymce/plugins/bbcode/plugin.min.js": "tinymce/plugins/bbcode/plugin.min.0de6978244c6.js", "tinymce/plugins/charmap/plugin.min.js": "tinymce/plugins/charmap/plugin.min.65bff85ca3d2.js", "tinymce/plugins/code/plugin.min.js": "tinymce/plugins/code/plugin.min.03cb9728521d.js", "tinymce/plugins/codesample/plugin.min.js": "tinymce/plugins/codesample/plugin.min.a62c33f44263.js", "tinymce/plugins/colorpicker/plugin.min.js": "tinymce/plugins/colorpicker/plugin.min.6af9ccbb69ae.js", "tinymce/plugins/contextmenu/plugin.min.js": "tinymce/plugins/contextmenu/plugin.min.800529cd78b8.js", "tinymce/plugins/directionality/plugin.min.js": "tinymce/plugins/directionality/plugin.min.e65c75582939.js", "tinymce/plugins/emoticons/plugin.min.js": "tinymce/plugins/emoticons/plugin.min.805b1a75f7e7.js", "tinymce/plugins/fullpage/plugin.min.js": "tinymce/plugins/fullpage/plugin.min.e112d3dfe5d7.js", "tinymce/plugins/fullscreen/plugin.min.js": "tinymce/plugins/fullscreen/plugin.min.ab4d40eafaae.js", "tinymce/plugins/help/plugin.min.js": "tinymce/plugins/help/plugin.min.e850841efa18.js", "tinymce/plugins/hr/plugin.min.js": "tinymce/plugins/hr/plugin.min.5845ce5d6810.js", "tinymce/plugins/image/plugin.min.js": "tinymce/plugins/image/plugin.min.25569ff5318e.js", "tinymce/plugins/imagetools/plugin.min.js": "tinymce/plugins/imagetools/plugin.min.c4fc736b272c.js", "tinymce/plugins/importcss/plugin.min.js": "tinymce/plugins/importcss/plugin.min.6f4dcbab4b3d.js", "tinymce/plugins/insertdatetime/plugin.min.js": "tinymce/plugins/insertdatetime/plugin.min.f0af49525ab2.js", "tinymce/plugins/legacyoutput/plugin.min.js": "tinymce/plugins/legacyoutput/plugin.min.2bfd4f7c2da6.js", "tinymce/plugins/link/plugin.min.js": "tinymce/plugins/link/plugin.min.e7d251e412ab.js", "tinymce/plugins/lists/plugin.min.js": "tinymce/plugins/lists/plugin.min.43ff6a7cc605.js", "tinymce/plugins/media/plugin.min.js": "tinymce/plugins/media/plugin.min.b8b318bc88e5.js", "tinymce/plugins/nonbreaking/plugin.min.js": "tinymce/plugins/nonbreaking/plugin.min.f12177e27c51.js", "tinymce/plugins/noneditable/plugin.min.js": "tinymce/plugins/noneditable/plugin.min.c5a318661439.js", "tinymce/plugins/pagebreak/plugin.min.js": "tinymce/plugins/pagebreak/plugin.min.3485a93077a1.js", "tinymce/plugins/paste/plugin.min.js": "tinymce/plugins/paste/plugin.min.180f860cb760.js", "tinymce/plugins/preview/plugin.min.js": "tinymce/plugins/preview/plugin.min.fe3b4c80e4d3.js", "tinymce/plugins/print/plugin.min.js": "tinymce/plugins/print/plugin.min.94afd11638c1.js", "tinymce/plugins/quickbars/plugin.min.js": "tinymce/plugins/quickbars/plugin.min.bdb219a6d7c5.js", "tinymce/plugins/save/plugin.min.js": "tinymce/plugins/save/plugin.min.6c67d5cd7139.js", "tinymce/plugins/searchreplace/plugin.min.js": "tinymce/plugins/searchreplace/plugin.min.5d4a944aa401.js", "tinymce/plugins/spellchecker/plugin.min.js": "tinymce/plugins/spellchecker/plugin.min.11845dcff2a4.js", "tinymce/plugins/tabfocus/plugin.min.js": "tinymce/plugins/tabfocus/plugin.min.460dcde02a59.js", "tinymce/plugins/table/plugin.min.js": "tinymce/plugins/table/plugin.min.c9841e9586e5.js", "tinymce/plugins/template/plugin.min.js": "tinymce/plugins/template/plugin.min.8294e3b027a6.js", "tinymce/plugins/textcolor/plugin.min.js": "tinymce/plugins/textcolor/plugin.min.e76782136bc8.js", "tinymce/plugins/textpattern/plugin.min.js": "tinymce/plugins/textpattern/plugin.min.6fe95078adbe.js", "tinymce/plugins/toc/plugin.min.js": "tinymce/plugins/toc/plugin.min.79d5412d0b3b.js", "tinymce/plugins/visualblocks/plugin.min.js": "tinymce/plugins/visualblocks/plugin.min.73b4d8fd6e15.js", "tinymce/plugins/visualchars/plugin.min.js": "tinymce/plugins/visualchars/plugin.min.5cdf1a80c304.js", "tinymce/plugins/wordcount/plugin.min.js": "tinymce/plugins/wordcount/plugin.min.9cb72147e694.js", "tinymce/themes/mobile/theme.min.js": "tinymce/themes/mobile/theme.min.637f25ef532f.js", "tinymce/themes/silver/theme.min.js": "tinymce/themes/silver/theme.min.b84a8ffecd2b.js", "admin/img/gis/move_vertex_off.svg": "admin\\img\\gis\\move_vertex_off.7a23bf31ef8a.svg", "admin/img/gis/move_vertex_on.svg": "admin\\img\\gis\\move_vertex_on.0047eba25b67.svg", "admin/js/admin/DateTimeShortcuts.js": "admin/js/admin/DateTimeShortcuts.9f6e209cebca.js", "admin/js/admin/RelatedObjectLookups.js": "admin/js/admin/RelatedObjectLookups.8609f99b9ab2.js", "assets/css/style.css": "assets/css/style.563b13463821.css", "assets/img/about.jpg": "assets\\img\\about.add73d0f5a31.jpg", "assets/img/apple-touch-icon.png": "assets\\img\\apple-touch-icon.f252cc7993cf.png", "assets/img/favicon.png": "assets\\img\\favicon.f2212ecf29c3.png", "assets/img/features-2.png": "assets\\img\\features-2.4af2583009d4.png", "assets/img/features-3.png": "assets\\img\\features-3.41da20e22213.png", "assets/img/features.png": "assets\\img\\features.6b0e6ab801ed.png", "assets/img/footer-bg.png": "assets\\img\\footer-bg.71b7047225cb.png", "assets/img/hero-bg.png": "assets\\img\\hero-bg.2bcf3599eea7.png", "assets/img/hero-img.png": "assets\\img\\hero-img.8b0d202590a0.png", "assets/img/hero-img.svg": "assets\\img\\hero-img.e13d9a2819da.svg", "assets/img/logo.png": "assets\\img\\logo.f6922d59c445.png", "assets/img/pricing-business.png": "assets\\img\\pricing-business.fa1011781142.png", "assets/img/pricing-free.png": "assets\\img\\pricing-free.19b96abd2bf5.png", "assets/img/pricing-starter.png": "assets\\img\\pricing-starter.3c805b21731b.png", "assets/img/pricing-ultimate.png": "assets\\img\\pricing-ultimate.d82f80ea427e.png", "assets/img/team-shape.svg": "assets\\img\\team-shape.150d9866ae2d.svg", "assets/img/values-1.png": "assets\\img\\values-1.e1bfec975965.png", "assets/img/values-2.png": "assets\\img\\values-2.eb3a5bd9ca51.png", "assets/img/values-3.png": "assets\\img\\values-3.764fb231961e.png", "assets/js/main.js": "assets/js/main.152b38f23829.js", "assets/scss/Readme.txt": "assets\\scss\\Readme.ec8d7cb9948d.txt", "summernote/font/summernote.2386dcc57dbd.ttf": "summernote/font/summernote.2386dcc57dbd.2386dcc57dbd.ttf", "summernote/font/summernote.2386dcc57dbd.ttf.gz": "summernote/font/summernote.2386dcc57dbd.ttf.689322d14530.gz", "summernote/font/summernote.265e4cbaa049.woff2": "summernote/font/summernote.265e4cbaa049.265e4cbaa049.woff2", "summernote/font/summernote.69d43255ae40.eot": "summernote/font/summernote.69d43255ae40.69d43255ae40.eot", "summernote/font/summernote.69d43255ae40.eot.gz": "summernote/font/summernote.69d43255ae40.eot.281d687b3053.gz", "summernote/font/summernote.7222f2aa6fc3.woff": "summernote/font/summernote.7222f2aa6fc3.7222f2aa6fc3.woff", "summernote/font/summernote.88feb6ced09d.hash": "summernote/font/summernote.88feb6ced09d.88feb6ced09d.hash", "summernote/font/summernote.eot": "summernote\\font\\summernote.69d43255ae40.eot", "summernote/font/summernote.eot.gz": "summernote/font/summernote.eot.281d687b3053.gz", "summernote/font/summernote.hash": "summernote\\font\\summernote.88feb6ced09d.hash", "summernote/font/summernote.ttf": "summernote\\font\\summernote.2386dcc57dbd.ttf", "summernote/font/summernote.ttf.gz": "summernote/font/summernote.ttf.689322d14530.gz", "summernote/font/summernote.woff": "summernote\\font\\summernote.7222f2aa6fc3.woff", "summernote/font/summernote.woff2": "summernote\\font\\summernote.265e4cbaa049.woff2", "summernote/lang/summernote-ar-AR.min.3aee3530a663.js": "summernote/lang/summernote-ar-AR.min.3aee3530a663.3aee3530a663.js", "summernote/lang/summernote-ar-AR.min.3aee3530a663.js.gz": "summernote/lang/summernote-ar-AR.min.3aee3530a663.js.ef8af47492cf.gz", "summernote/lang/summernote-ar-AR.min.js": "summernote/lang/summernote-ar-AR.min.3aee3530a663.js", "summernote/lang/summernote-ar-AR.min.js.gz": "summernote/lang/summernote-ar-AR.min.js.ef8af47492cf.gz", "summernote/lang/summernote-az-AZ.min.814c443376c3.js": "summernote/lang/summernote-az-AZ.min.814c443376c3.814c443376c3.js", "summernote/lang/summernote-az-AZ.min.814c443376c3.js.gz": "summernote/lang/summernote-az-AZ.min.814c443376c3.js.935259c2f9fe.gz", "summernote/lang/summernote-az-AZ.min.js": "summernote/lang/summernote-az-AZ.min.814c443376c3.js", "summernote/lang/summernote-az-AZ.min.js.gz": "summernote/lang/summernote-az-AZ.min.js.935259c2f9fe.gz", "summernote/lang/summernote-bg-BG.min.fd85e2961a92.js": "summernote/lang/summernote-bg-BG.min.fd85e2961a92.fd85e2961a92.js", "summernote/lang/summernote-bg-BG.min.fd85e2961a92.js.gz": "summernote/lang/summernote-bg-BG.min.fd85e2961a92.js.c2e6c1b6d0a1.gz", "summernote/lang/summernote-bg-BG.min.js": "summernote/lang/summernote-bg-BG.min.fd85e2961a92.js", "summernote/lang/summernote-bg-BG.min.js.gz": "summernote/lang/summernote-bg-BG.min.js.c2e6c1b6d0a1.gz", "summernote/lang/summernote-bn-BD.min.9e7c21aacc9b.js": "summernote/lang/summernote-bn-BD.min.9e7c21aacc9b.9e7c21aacc9b.js", "summernote/lang/summernote-bn-BD.min.9e7c21aacc9b.js.gz": "summernote/lang/summernote-bn-BD.min.9e7c21aacc9b.js.6e53f7e4b444.gz", "summernote/lang/summernote-bn-BD.min.js": "summernote/lang/summernote-bn-BD.min.9e7c21aacc9b.js", "summernote/lang/summernote-bn-BD.min.js.gz": "summernote/lang/summernote-bn-BD.min.js.6e53f7e4b444.gz", "summernote/lang/summernote-ca-ES.min.2b1e7311c8d5.js": "summernote/lang/summernote-ca-ES.min.2b1e7311c8d5.2b1e7311c8d5.js", "summernote/lang/summernote-ca-ES.min.2b1e7311c8d5.js.gz": "summernote/lang/summernote-ca-ES.min.2b1e7311c8d5.js.cca476570df0.gz", "summernote/lang/summernote-ca-ES.min.js": "summernote/lang/summernote-ca-ES.min.2b1e7311c8d5.js", "summernote/lang/summernote-ca-ES.min.js.gz": "summernote/lang/summernote-ca-ES.min.js.cca476570df0.gz", "summernote/lang/summernote-cs-CZ.min.9528e198d07b.js": "summernote/lang/summernote-cs-CZ.min.9528e198d07b.9528e198d07b.js", "summernote/lang/summernote-cs-CZ.min.9528e198d07b.js.gz": "summernote/lang/summernote-cs-CZ.min.9528e198d07b.js.e5bf28aec531.gz", "summernote/lang/summernote-cs-CZ.min.js": "summernote/lang/summernote-cs-CZ.min.9528e198d07b.js", "summernote/lang/summernote-cs-CZ.min.js.gz": "summernote/lang/summernote-cs-CZ.min.js.e5bf28aec531.gz", "summernote/lang/summernote-da-DK.min.3ec0ac177f8a.js": "summernote/lang/summernote-da-DK.min.3ec0ac177f8a.3ec0ac177f8a.js", "summernote/lang/summernote-da-DK.min.3ec0ac177f8a.js.gz": "summernote/lang/summernote-da-DK.min.3ec0ac177f8a.js.d1aa919b72de.gz", "summernote/lang/summernote-da-DK.min.js": "summernote/lang/summernote-da-DK.min.3ec0ac177f8a.js", "summernote/lang/summernote-da-DK.min.js.gz": "summernote/lang/summernote-da-DK.min.js.d1aa919b72de.gz", "summernote/lang/summernote-de-CH.min.065487d466bf.js": "summernote/lang/summernote-de-CH.min.065487d466bf.065487d466bf.js", "summernote/lang/summernote-de-CH.min.065487d466bf.js.gz": "summernote/lang/summernote-de-CH.min.065487d466bf.js.52cd3bd99fb7.gz", "summernote/lang/summernote-de-CH.min.js": "summernote/lang/summernote-de-CH.min.065487d466bf.js", "summernote/lang/summernote-de-CH.min.js.gz": "summernote/lang/summernote-de-CH.min.js.52cd3bd99fb7.gz", "summernote/lang/summernote-de-DE.min.d7d8bcd7fd39.js": "summernote/lang/summernote-de-DE.min.d7d8bcd7fd39.d7d8bcd7fd39.js", "summernote/lang/summernote-de-DE.min.d7d8bcd7fd39.js.gz": "summernote/lang/summernote-de-DE.min.d7d8bcd7fd39.js.6770c0984050.gz", "summernote/lang/summernote-de-DE.min.js": "summernote/lang/summernote-de-DE.min.d7d8bcd7fd39.js", "summernote/lang/summernote-de-DE.min.js.gz": "summernote/lang/summernote-de-DE.min.js.6770c0984050.gz", "summernote/lang/summernote-el-GR.min.c5d401b57fc8.js": "summernote/lang/summernote-el-GR.min.c5d401b57fc8.c5d401b57fc8.js", "summernote/lang/summernote-el-GR.min.c5d401b57fc8.js.gz": "summernote/lang/summernote-el-GR.min.c5d401b57fc8.js.c99a58f7e0fe.gz", "summernote/lang/summernote-el-GR.min.js": "summernote/lang/summernote-el-GR.min.c5d401b57fc8.js", "summernote/lang/summernote-el-GR.min.js.gz": "summernote/lang/summernote-el-GR.min.js.c99a58f7e0fe.gz", "summernote/lang/summernote-en-US.min.e5e4f6aafb18.js": "summernote/lang/summernote-en-US.min.e5e4f6aafb18.e5e4f6aafb18.js", "summernote/lang/summernote-en-US.min.e5e4f6aafb18.js.gz": "summernote/lang/summernote-en-US.min.e5e4f6aafb18.js.44bc464d1e38.gz", "summernote/lang/summernote-en-US.min.js": "summernote/lang/summernote-en-US.min.e5e4f6aafb18.js", "summernote/lang/summernote-en-US.min.js.gz": "summernote/lang/summernote-en-US.min.js.44bc464d1e38.gz", "summernote/lang/summernote-es-ES.min.ca05fb214c8e.js": "summernote/lang/summernote-es-ES.min.ca05fb214c8e.ca05fb214c8e.js", "summernote/lang/summernote-es-ES.min.ca05fb214c8e.js.gz": "summernote/lang/summernote-es-ES.min.ca05fb214c8e.js.97f2cc9422ba.gz", "summernote/lang/summernote-es-ES.min.js": "summernote/lang/summernote-es-ES.min.ca05fb214c8e.js", "summernote/lang/summernote-es-ES.min.js.gz": "summernote/lang/summernote-es-ES.min.js.97f2cc9422ba.gz", "summernote/lang/summernote-es-EU.min.d102e7ba4997.js": "summernote/lang/summernote-es-EU.min.d102e7ba4997.d102e7ba4997.js", "summernote/lang/summernote-es-EU.min.d102e7ba4997.js.gz": "summernote/lang/summernote-es-EU.min.d102e7ba4997.js.63f666dfe28c.gz", "summernote/lang/summernote-es-EU.min.js": "summernote/lang/summernote-es-EU.min.d102e7ba4997.js", "summernote/lang/summernote-es-EU.min.js.gz": "summernote/lang/summernote-es-EU.min.js.63f666dfe28c.gz", "summernote/lang/summernote-fa-IR.min.216a9021a6a6.js": "summernote/lang/summernote-fa-IR.min.216a9021a6a6.216a9021a6a6.js", "summernote/lang/summernote-fa-IR.min.216a9021a6a6.js.gz": "summernote/lang/summernote-fa-IR.min.216a9021a6a6.js.68fac93b605f.gz", "summernote/lang/summernote-fa-IR.min.js": "summernote/lang/summernote-fa-IR.min.216a9021a6a6.js", "summernote/lang/summernote-fa-IR.min.js.gz": "summernote/lang/summernote-fa-IR.min.js.68fac93b605f.gz", "summernote/lang/summernote-fi-FI.min.91af42612857.js": "summernote/lang/summernote-fi-FI.min.91af42612857.91af42612857.js", "summernote/lang/summernote-fi-FI.min.91af42612857.js.gz": "summernote/lang/summernote-fi-FI.min.91af42612857.js.8db546c56716.gz", "summernote/lang/summernote-fi-FI.min.js": "summernote/lang/summernote-fi-FI.min.91af42612857.js", "summernote/lang/summernote-fi-FI.min.js.gz": "summernote/lang/summernote-fi-FI.min.js.8db546c56716.gz", "summernote/lang/summernote-fr-FR.min.626aa17d4407.js": "summernote/lang/summernote-fr-FR.min.626aa17d4407.626aa17d4407.js", "summernote/lang/summernote-fr-FR.min.626aa17d4407.js.gz": "summernote/lang/summernote-fr-FR.min.626aa17d4407.js.99cb10d04771.gz", "summernote/lang/summernote-fr-FR.min.js": "summernote/lang/summernote-fr-FR.min.626aa17d4407.js", "summernote/lang/summernote-fr-FR.min.js.gz": "summernote/lang/summernote-fr-FR.min.js.99cb10d04771.gz", "summernote/lang/summernote-gl-ES.min.a8b39a73def0.js": "summernote/lang/summernote-gl-ES.min.a8b39a73def0.a8b39a73def0.js", "summernote/lang/summernote-gl-ES.min.a8b39a73def0.js.gz": "summernote/lang/summernote-gl-ES.min.a8b39a73def0.js.5180a8ae7728.gz", "summernote/lang/summernote-gl-ES.min.js": "summernote/lang/summernote-gl-ES.min.a8b39a73def0.js", "summernote/lang/summernote-gl-ES.min.js.gz": "summernote/lang/summernote-gl-ES.min.js.5180a8ae7728.gz", "summernote/lang/summernote-he-IL.min.a5bd1d4316fa.js": "summernote/lang/summernote-he-IL.min.a5bd1d4316fa.a5bd1d4316fa.js", "summernote/lang/summernote-he-IL.min.a5bd1d4316fa.js.gz": "summernote/lang/summernote-he-IL.min.a5bd1d4316fa.js.3a5b3f9dd0fe.gz", "summernote/lang/summernote-he-IL.min.js": "summernote/lang/summernote-he-IL.min.a5bd1d4316fa.js", "summernote/lang/summernote-he-IL.min.js.gz": "summernote/lang/summernote-he-IL.min.js.3a5b3f9dd0fe.gz", "summernote/lang/summernote-hr-HR.min.0a71994b271e.js": "summernote/lang/summernote-hr-HR.min.0a71994b271e.0a71994b271e.js", "summernote/lang/summernote-hr-HR.min.0a71994b271e.js.gz": "summernote/lang/summernote-hr-HR.min.0a71994b271e.js.8cce723f0c0a.gz", "summernote/lang/summernote-hr-HR.min.js": "summernote/lang/summernote-hr-HR.min.0a71994b271e.js", "summernote/lang/summernote-hr-HR.min.js.gz": "summernote/lang/summernote-hr-HR.min.js.8cce723f0c0a.gz", "summernote/lang/summernote-hu-HU.min.cb417740583e.js": "summernote/lang/summernote-hu-HU.min.cb417740583e.cb417740583e.js", "summernote/lang/summernote-hu-HU.min.cb417740583e.js.gz": "summernote/lang/summernote-hu-HU.min.cb417740583e.js.d8264d9d715f.gz", "summernote/lang/summernote-hu-HU.min.js": "summernote/lang/summernote-hu-HU.min.cb417740583e.js", "summernote/lang/summernote-hu-HU.min.js.gz": "summernote/lang/summernote-hu-HU.min.js.d8264d9d715f.gz", "summernote/lang/summernote-id-ID.min.6398dba3537f.js": "summernote/lang/summernote-id-ID.min.6398dba3537f.6398dba3537f.js", "summernote/lang/summernote-id-ID.min.6398dba3537f.js.gz": "summernote/lang/summernote-id-ID.min.6398dba3537f.js.d3ff7354c4cc.gz", "summernote/lang/summernote-id-ID.min.js": "summernote/lang/summernote-id-ID.min.6398dba3537f.js", "summernote/lang/summernote-id-ID.min.js.gz": "summernote/lang/summernote-id-ID.min.js.d3ff7354c4cc.gz", "summernote/lang/summernote-it-IT.min.ee507e187211.js": "summernote/lang/summernote-it-IT.min.ee507e187211.ee507e187211.js", "summernote/lang/summernote-it-IT.min.ee507e187211.js.gz": "summernote/lang/summernote-it-IT.min.ee507e187211.js.5b8fa719eee2.gz", "summernote/lang/summernote-it-IT.min.js": "summernote/lang/summernote-it-IT.min.ee507e187211.js", "summernote/lang/summernote-it-IT.min.js.gz": "summernote/lang/summernote-it-IT.min.js.5b8fa719eee2.gz", "summernote/lang/summernote-ja-JP.min.a03969c1964e.js": "summernote/lang/summernote-ja-JP.min.a03969c1964e.a03969c1964e.js", "summernote/lang/summernote-ja-JP.min.a03969c1964e.js.gz": "summernote/lang/summernote-ja-JP.min.a03969c1964e.js.e556abcab9d0.gz", "summernote/lang/summernote-ja-JP.min.js": "summernote/lang/summernote-ja-JP.min.a03969c1964e.js", "summernote/lang/summernote-ja-JP.min.js.gz": "summernote/lang/summernote-ja-JP.min.js.e556abcab9d0.gz", "summernote/lang/summernote-ko-KR.min.e1800b82583f.js": "summernote/lang/summernote-ko-KR.min.e1800b82583f.e1800b82583f.js", "summernote/lang/summernote-ko-KR.min.e1800b82583f.js.gz": "summernote/lang/summernote-ko-KR.min.e1800b82583f.js.15d0af11ce18.gz", "summernote/lang/summernote-ko-KR.min.js": "summernote/lang/summernote-ko-KR.min.e1800b82583f.js", "summernote/lang/summernote-ko-KR.min.js.gz": "summernote/lang/summernote-ko-KR.min.js.15d0af11ce18.gz", "summernote/lang/summernote-lt-LT.min.df75b51d4e72.js": "summernote/lang/summernote-lt-LT.min.df75b51d4e72.df75b51d4e72.js", "summernote/lang/summernote-lt-LT.min.df75b51d4e72.js.gz": "summernote/lang/summernote-lt-LT.min.df75b51d4e72.js.745b42516b1e.gz", "summernote/lang/summernote-lt-LT.min.js": "summernote/lang/summernote-lt-LT.min.df75b51d4e72.js", "summernote/lang/summernote-lt-LT.min.js.gz": "summernote/lang/summernote-lt-LT.min.js.745b42516b1e.gz", "summernote/lang/summernote-lt-LV.min.03cff2d223ae.js": "summernote/lang/summernote-lt-LV.min.03cff2d223ae.03cff2d223ae.js", "summernote/lang/summernote-lt-LV.min.03cff2d223ae.js.gz": "summernote/lang/summernote-lt-LV.min.03cff2d223ae.js.9d67b332fd06.gz", "summernote/lang/summernote-lt-LV.min.js": "summernote/lang/summernote-lt-LV.min.03cff2d223ae.js", "summernote/lang/summernote-lt-LV.min.js.gz": "summernote/lang/summernote-lt-LV.min.js.9d67b332fd06.gz", "summernote/lang/summernote-mn-MN.min.a20abb73d10b.js": "summernote/lang/summernote-mn-MN.min.a20abb73d10b.a20abb73d10b.js", "summernote/lang/summernote-mn-MN.min.a20abb73d10b.js.gz": "summernote/lang/summernote-mn-MN.min.a20abb73d10b.js.2204061511f7.gz", "summernote/lang/summernote-mn-MN.min.js": "summernote/lang/summernote-mn-MN.min.a20abb73d10b.js", "summernote/lang/summernote-mn-MN.min.js.gz": "summernote/lang/summernote-mn-MN.min.js.2204061511f7.gz", "summernote/lang/summernote-nb-NO.min.b547af117654.js": "summernote/lang/summernote-nb-NO.min.b547af117654.b547af117654.js", "summernote/lang/summernote-nb-NO.min.b547af117654.js.gz": "summernote/lang/summernote-nb-NO.min.b547af117654.js.773138202e14.gz", "summernote/lang/summernote-nb-NO.min.js": "summernote/lang/summernote-nb-NO.min.b547af117654.js", "summernote/lang/summernote-nb-NO.min.js.gz": "summernote/lang/summernote-nb-NO.min.js.773138202e14.gz", "summernote/lang/summernote-nl-NL.min.e5792703477e.js": "summernote/lang/summernote-nl-NL.min.e5792703477e.e5792703477e.js", "summernote/lang/summernote-nl-NL.min.e5792703477e.js.gz": "summernote/lang/summernote-nl-NL.min.e5792703477e.js.4ba15de2f019.gz", "summernote/lang/summernote-nl-NL.min.js": "summernote/lang/summernote-nl-NL.min.e5792703477e.js", "summernote/lang/summernote-nl-NL.min.js.gz": "summernote/lang/summernote-nl-NL.min.js.4ba15de2f019.gz", "summernote/lang/summernote-pl-PL.min.9d2333b3b054.js": "summernote/lang/summernote-pl-PL.min.9d2333b3b054.9d2333b3b054.js", "summernote/lang/summernote-pl-PL.min.9d2333b3b054.js.gz": "summernote/lang/summernote-pl-PL.min.9d2333b3b054.js.c82ba03e4af1.gz", "summernote/lang/summernote-pl-PL.min.js": "summernote/lang/summernote-pl-PL.min.9d2333b3b054.js", "summernote/lang/summernote-pl-PL.min.js.gz": "summernote/lang/summernote-pl-PL.min.js.c82ba03e4af1.gz", "summernote/lang/summernote-pt-BR.min.a22191eba3ac.js": "summernote/lang/summernote-pt-BR.min.a22191eba3ac.a22191eba3ac.js", "summernote/lang/summernote-pt-BR.min.a22191eba3ac.js.gz": "summernote/lang/summernote-pt-BR.min.a22191eba3ac.js.28fb18a3fd22.gz", "summernote/lang/summernote-pt-BR.min.js": "summernote/lang/summernote-pt-BR.min.a22191eba3ac.js", "summernote/lang/summernote-pt-BR.min.js.gz": "summernote/lang/summernote-pt-BR.min.js.28fb18a3fd22.gz", "summernote/lang/summernote-pt-PT.min.4ed5edd98483.js": "summernote/lang/summernote-pt-PT.min.4ed5edd98483.4ed5edd98483.js", "summernote/lang/summernote-pt-PT.min.4ed5edd98483.js.gz": "summernote/lang/summernote-pt-PT.min.4ed5edd98483.js.c98ac2d193e9.gz", "summernote/lang/summernote-pt-PT.min.js": "summernote/lang/summernote-pt-PT.min.4ed5edd98483.js", "summernote/lang/summernote-pt-PT.min.js.gz": "summernote/lang/summernote-pt-PT.min.js.c98ac2d193e9.gz", "summernote/lang/summernote-ro-RO.min.767c39cc07be.js": "summernote/lang/summernote-ro-RO.min.767c39cc07be.767c39cc07be.js", "summernote/lang/summernote-ro-RO.min.767c39cc07be.js.gz": "summernote/lang/summernote-ro-RO.min.767c39cc07be.js.ac656021f854.gz", "summernote/lang/summernote-ro-RO.min.js": "summernote/lang/summernote-ro-RO.min.767c39cc07be.js", "summernote/lang/summernote-ro-RO.min.js.gz": "summernote/lang/summernote-ro-RO.min.js.ac656021f854.gz", "summernote/lang/summernote-ru-RU.min.1e911ca265f1.js": "summernote/lang/summernote-ru-RU.min.1e911ca265f1.1e911ca265f1.js", "summernote/lang/summernote-ru-RU.min.1e911ca265f1.js.gz": "summernote/lang/summernote-ru-RU.min.1e911ca265f1.js.b6ff174975bb.gz", "summernote/lang/summernote-ru-RU.min.js": "summernote/lang/summernote-ru-RU.min.1e911ca265f1.js", "summernote/lang/summernote-ru-RU.min.js.gz": "summernote/lang/summernote-ru-RU.min.js.b6ff174975bb.gz", "summernote/lang/summernote-sk-SK.min.28d3b5aa42d3.js": "summernote/lang/summernote-sk-SK.min.28d3b5aa42d3.28d3b5aa42d3.js", "summernote/lang/summernote-sk-SK.min.28d3b5aa42d3.js.gz": "summernote/lang/summernote-sk-SK.min.28d3b5aa42d3.js.2465770b59d0.gz", "summernote/lang/summernote-sk-SK.min.js": "summernote/lang/summernote-sk-SK.min.28d3b5aa42d3.js", "summernote/lang/summernote-sk-SK.min.js.gz": "summernote/lang/summernote-sk-SK.min.js.2465770b59d0.gz", "summernote/lang/summernote-sl-SI.min.4b70feb8dd4a.js": "summernote/lang/summernote-sl-SI.min.4b70feb8dd4a.4b70feb8dd4a.js", "summernote/lang/summernote-sl-SI.min.4b70feb8dd4a.js.gz": "summernote/lang/summernote-sl-SI.min.4b70feb8dd4a.js.92934b1b3627.gz", "summernote/lang/summernote-sl-SI.min.js": "summernote/lang/summernote-sl-SI.min.4b70feb8dd4a.js", "summernote/lang/summernote-sl-SI.min.js.gz": "summernote/lang/summernote-sl-SI.min.js.92934b1b3627.gz", "summernote/lang/summernote-sr-RS-Latin.min.84ab54b78e87.js": "summernote/lang/summernote-sr-RS-Latin.min.84ab54b78e87.84ab54b78e87.js", "summernote/lang/summernote-sr-RS-Latin.min.84ab54b78e87.js.gz": "summernote/lang/summernote-sr-RS-Latin.min.84ab54b78e87.js.2b364e0a8199.gz", "summernote/lang/summernote-sr-RS-Latin.min.js": "summernote/lang/summernote-sr-RS-Latin.min.84ab54b78e87.js", "summernote/lang/summernote-sr-RS-Latin.min.js.gz": "summernote/lang/summernote-sr-RS-Latin.min.js.2b364e0a8199.gz", "summernote/lang/summernote-sr-RS.min.72b340c42649.js": "summernote/lang/summernote-sr-RS.min.72b340c42649.72b340c42649.js", "summernote/lang/summernote-sr-RS.min.72b340c42649.js.gz": "summernote/lang/summernote-sr-RS.min.72b340c42649.js.bfff56096426.gz", "summernote/lang/summernote-sr-RS.min.js": "summernote/lang/summernote-sr-RS.min.72b340c42649.js", "summernote/lang/summernote-sr-RS.min.js.gz": "summernote/lang/summernote-sr-RS.min.js.bfff56096426.gz", "summernote/lang/summernote-sv-SE.min.30e75ceb5e88.js": "summernote/lang/summernote-sv-SE.min.30e75ceb5e88.30e75ceb5e88.js", "summernote/lang/summernote-sv-SE.min.30e75ceb5e88.js.gz": "summernote/lang/summernote-sv-SE.min.30e75ceb5e88.js.b33f6bd28aa8.gz", "summernote/lang/summernote-sv-SE.min.js": "summernote/lang/summernote-sv-SE.min.30e75ceb5e88.js", "summernote/lang/summernote-sv-SE.min.js.gz": "summernote/lang/summernote-sv-SE.min.js.b33f6bd28aa8.gz", "summernote/lang/summernote-ta-IN.min.065f4ae096b7.js": "summernote/lang/summernote-ta-IN.min.065f4ae096b7.065f4ae096b7.js", "summernote/lang/summernote-ta-IN.min.065f4ae096b7.js.gz": "summernote/lang/summernote-ta-IN.min.065f4ae096b7.js.533493bd116c.gz", "summernote/lang/summernote-ta-IN.min.js": "summernote/lang/summernote-ta-IN.min.065f4ae096b7.js", "summernote/lang/summernote-ta-IN.min.js.gz": "summernote/lang/summernote-ta-IN.min.js.533493bd116c.gz", "summernote/lang/summernote-th-TH.min.25f2b3c208a5.js": "summernote/lang/summernote-th-TH.min.25f2b3c208a5.25f2b3c208a5.js", "summernote/lang/summernote-th-TH.min.25f2b3c208a5.js.gz": "summernote/lang/summernote-th-TH.min.25f2b3c208a5.js.c67d82223939.gz", "summernote/lang/summernote-th-TH.min.js": "summernote/lang/summernote-th-TH.min.25f2b3c208a5.js", "summernote/lang/summernote-th-TH.min.js.gz": "summernote/lang/summernote-th-TH.min.js.c67d82223939.gz", "summernote/lang/summernote-tr-TR.min.b6f9e25ae096.js": "summernote/lang/summernote-tr-TR.min.b6f9e25ae096.b6f9e25ae096.js", "summernote/lang/summernote-tr-TR.min.b6f9e25ae096.js.gz": "summernote/lang/summernote-tr-TR.min.b6f9e25ae096.js.2b1864d38d0a.gz", "summernote/lang/summernote-tr-TR.min.js": "summernote/lang/summernote-tr-TR.min.b6f9e25ae096.js", "summernote/lang/summernote-tr-TR.min.js.gz": "summernote/lang/summernote-tr-TR.min.js.2b1864d38d0a.gz", "summernote/lang/summernote-uk-UA.min.d3f68e66615d.js": "summernote/lang/summernote-uk-UA.min.d3f68e66615d.d3f68e66615d.js", "summernote/lang/summernote-uk-UA.min.d3f68e66615d.js.gz": "summernote/lang/summernote-uk-UA.min.d3f68e66615d.js.e903728e29c6.gz", "summernote/lang/summernote-uk-UA.min.js": "summernote/lang/summernote-uk-UA.min.d3f68e66615d.js", "summernote/lang/summernote-uk-UA.min.js.gz": "summernote/lang/summernote-uk-UA.min.js.e903728e29c6.gz", "summernote/lang/summernote-uz-UZ.min.2bf945080589.js": "summernote/lang/summernote-uz-UZ.min.2bf945080589.2bf945080589.js", "summernote/lang/summernote-uz-UZ.min.2bf945080589.js.gz": "summernote/lang/summernote-uz-UZ.min.2bf945080589.js.c98b53583f40.gz", "summernote/lang/summernote-uz-UZ.min.js": "summernote/lang/summernote-uz-UZ.min.2bf945080589.js", "summernote/lang/summernote-uz-UZ.min.js.gz": "summernote/lang/summernote-uz-UZ.min.js.c98b53583f40.gz", "summernote/lang/summernote-vi-VN.min.c905cdecfd1a.js": "summernote/lang/summernote-vi-VN.min.c905cdecfd1a.c905cdecfd1a.js", "summernote/lang/summernote-vi-VN.min.c905cdecfd1a.js.gz": "summernote/lang/summernote-vi-VN.min.c905cdecfd1a.js.086b3fb406d6.gz", "summernote/lang/summernote-vi-VN.min.js": "summernote/lang/summernote-vi-VN.min.c905cdecfd1a.js", "summernote/lang/summernote-vi-VN.min.js.gz": "summernote/lang/summernote-vi-VN.min.js.086b3fb406d6.gz", "summernote/lang/summernote-zh-CN.min.ccddab7d2c5b.js": "summernote/lang/summernote-zh-CN.min.ccddab7d2c5b.ccddab7d2c5b.js", "summernote/lang/summernote-zh-CN.min.ccddab7d2c5b.js.gz": "summernote/lang/summernote-zh-CN.min.ccddab7d2c5b.js.0dc5c683d26c.gz", "summernote/lang/summernote-zh-CN.min.js": "summernote/lang/summernote-zh-CN.min.ccddab7d2c5b.js", "summernote/lang/summernote-zh-CN.min.js.gz": "summernote/lang/summernote-zh-CN.min.js.0dc5c683d26c.gz", "summernote/lang/summernote-zh-TW.min.8f58e9080d40.js": "summernote/lang/summernote-zh-TW.min.8f58e9080d40.8f58e9080d40.js", "summernote/lang/summernote-zh-TW.min.8f58e9080d40.js.gz": "summernote/lang/summernote-zh-TW.min.8f58e9080d40.js.d712e15d84f2.gz", "summernote/lang/summernote-zh-TW.min.js": "summernote/lang/summernote-zh-TW.min.8f58e9080d40.js", "summernote/lang/summernote-zh-TW.min.js.gz": "summernote/lang/summernote-zh-TW.min.js.d712e15d84f2.gz", "rest_framework/css/bootstrap-theme.min.css": "rest_framework/css/bootstrap-theme.min.1d4b05b397c3.css", "rest_framework/css/bootstrap-theme.min.css.map": "rest_framework\\css\\bootstrap-theme.min.css.51806092cc05.map", "rest_framework/css/bootstrap-tweaks.css": "rest_framework/css/bootstrap-tweaks.46ed116b0edd.css", "rest_framework/css/bootstrap.min.css": "rest_framework/css/bootstrap.min.f17d4516b026.css", "rest_framework/css/bootstrap.min.css.map": "rest_framework\\css\\bootstrap.min.css.cafbda9c0e9e.map", "rest_framework/css/default.css": "rest_framework/css/default.789dfb5732d7.css", "rest_framework/css/font-awesome-4.0.3.css": "rest_framework/css/font-awesome-4.0.3.c1e1ea213abf.css", "rest_framework/css/prettify.css": "rest_framework/css/prettify.a987f72342ee.css", "rest_framework/fonts/fontawesome-webfont.eot": "rest_framework\\fonts\\fontawesome-webfont.8b27bc96115c.eot", "rest_framework/fonts/fontawesome-webfont.svg": "rest_framework\\fonts\\fontawesome-webfont.83e37a11f9d7.svg", "rest_framework/fonts/fontawesome-webfont.ttf": "rest_framework\\fonts\\fontawesome-webfont.dcb26c7239d8.ttf", "rest_framework/fonts/fontawesome-webfont.woff": "rest_framework\\fonts\\fontawesome-webfont.3293616ec0c6.woff", "rest_framework/fonts/glyphicons-halflings-regular.eot": "rest_framework\\fonts\\glyphicons-halflings-regular.f4769f9bdb74.eot", "rest_framework/fonts/glyphicons-halflings-regular.svg": "rest_framework\\fonts\\glyphicons-halflings-regular.08eda92397ae.svg", "rest_framework/fonts/glyphicons-halflings-regular.ttf": "rest_framework\\fonts\\glyphicons-halflings-regular.e18bbf611f2a.ttf", "rest_framework/fonts/glyphicons-halflings-regular.woff": "rest_framework\\fonts\\glyphicons-halflings-regular.fa2772327f55.woff", "rest_framework/fonts/glyphicons-halflings-regular.woff2": "rest_framework\\fonts\\glyphicons-halflings-regular.448c34a56d69.woff2", "rest_framework/img/glyphicons-halflings-white.png": "rest_framework\\img\\glyphicons-halflings-white.9bbc6e960299.png", "rest_framework/img/glyphicons-halflings.png": "rest_framework\\img\\glyphicons-halflings.90233c9067e9.png", "rest_framework/img/grid.png": "rest_framework\\img\\grid.a4b938cf382b.png", "rest_framework/js/ajax-form.js": "rest_framework/js/ajax-form.0ea6e6052ab5.js", "rest_framework/js/bootstrap.min.js": "rest_framework/js/bootstrap.min.2f34b630ffe3.js", "rest_framework/js/coreapi-0.1.1.js": "rest_framework/js/coreapi-0.1.1.e580e3854595.js", "rest_framework/js/csrf.js": "rest_framework/js/csrf.969930007329.js", "rest_framework/js/default.js": "rest_framework/js/default.5b08897dbdc3.js", "rest_framework/js/jquery-3.5.1.min.js": "rest_framework/js/jquery-3.5.1.min.dc5e7f18c8d3.js", "rest_framework/js/prettify-min.js": "rest_framework/js/prettify-min.709bfcc456c6.js", "tinymce/langs/ar.js": "tinymce/langs/ar.0f886efdc703.js", "tinymce/langs/bg_BG.js": "tinymce/langs/bg_BG.bf161d9f6be1.js", "tinymce/langs/ca.js": "tinymce/langs/ca.089ce05c476a.js", "tinymce/langs/cs.js": "tinymce/langs/cs.d10d9585dcd9.js", "tinymce/langs/cs_CZ.js": "tinymce/langs/cs_CZ.5206a8cfd5b0.js", "tinymce/langs/cy.js": "tinymce/langs/cy.2a0728ef1086.js", "tinymce/langs/da.js": "tinymce/langs/da.481aa7c5d1ce.js", "tinymce/langs/de.js": "tinymce/langs/de.42f1476160d0.js", "tinymce/langs/es.js": "tinymce/langs/es.f37aca65307a.js", "tinymce/langs/es_419.js": "tinymce/langs/es_419.c49024021828.js", "tinymce/langs/es_ES.js": "tinymce/langs/es_ES.18469dc8705f.js", "tinymce/langs/es_MX.js": "tinymce/langs/es_MX.24552fa00cfb.js", "tinymce/langs/eu.js": "tinymce/langs/eu.1a99e822ee6d.js", "tinymce/langs/fa.js": "tinymce/langs/fa.f4242d89d489.js", "tinymce/langs/fa_IR.js": "tinymce/langs/fa_IR.5685ed5d5659.js", "tinymce/langs/fi.js": "tinymce/langs/fi.9b229553958c.js", "tinymce/langs/fr_FR.js": "tinymce/langs/fr_FR.39a6068252db.js", "tinymce/langs/gl.js": "tinymce/langs/gl.4c87b5345d76.js", "tinymce/langs/he_IL.js": "tinymce/langs/he_IL.ab3335919ec5.js", "tinymce/langs/hr.js": "tinymce/langs/hr.ab6217dad69a.js", "tinymce/langs/hu_HU.js": "tinymce/langs/hu_HU.2afccb31e0cd.js", "tinymce/langs/id.js": "tinymce/langs/id.804ca5c83b16.js", "tinymce/langs/it.js": "tinymce/langs/it.4c03cbd78f5e.js", "tinymce/langs/it_IT.js": "tinymce/langs/it_IT.f5f75ba5738d.js", "tinymce/langs/ja.js": "tinymce/langs/ja.7199e3d23618.js", "tinymce/langs/kab.js": "tinymce/langs/kab.2d4bcfaaedf5.js", "tinymce/langs/kk.js": "tinymce/langs/kk.bb3d174d36f8.js", "tinymce/langs/ko_KR.js": "tinymce/langs/ko_KR.44fb5d6e154b.js", "tinymce/langs/lt.js": "tinymce/langs/lt.b359a6a5f28a.js", "tinymce/langs/nb_NO.js": "tinymce/langs/nb_NO.0a7352214f0c.js", "tinymce/langs/nl.js": "tinymce/langs/nl.6f571210666a.js", "tinymce/langs/nl_BE.js": "tinymce/langs/nl_BE.fa016cc8afd2.js", "tinymce/langs/pl.js": "tinymce/langs/pl.e250adf7e075.js", "tinymce/langs/pt_BR.js": "tinymce/langs/pt_BR.cc070dfc8935.js", "tinymce/langs/pt_PT.js": "tinymce/langs/pt_PT.4dd1d7b30c2f.js", "tinymce/langs/readme.md": "tinymce/langs/readme.a803b8446c1c.md", "tinymce/langs/ro.js": "tinymce/langs/ro.e23437166aef.js", "tinymce/langs/ro_RO.js": "tinymce/langs/ro_RO.270de6be564b.js", "tinymce/langs/ru.js": "tinymce/langs/ru.511a44e58e8f.js", "tinymce/langs/ru_RU.js": "tinymce/langs/ru_RU.1bebc20b01dc.js", "tinymce/langs/sk.js": "tinymce/langs/sk.1b3c7faef9a1.js", "tinymce/langs/sl.js": "tinymce/langs/sl.e70856ec865c.js", "tinymce/langs/sl_SI.js": "tinymce/langs/sl_SI.3de18771671f.js", "tinymce/langs/sq.js": "tinymce/langs/sq.556fae3040b7.js", "tinymce/langs/sv_SE.js": "tinymce/langs/sv_SE.ed26794df73a.js", "tinymce/langs/ta.js": "tinymce/langs/ta.28baeda3ba8a.js", "tinymce/langs/ta_IN.js": "tinymce/langs/ta_IN.c245824dc4a0.js", "tinymce/langs/th_TH.js": "tinymce/langs/th_TH.5f149677f730.js", "tinymce/langs/tr.js": "tinymce/langs/tr.1d942271407e.js", "tinymce/langs/tr_TR.js": "tinymce/langs/tr_TR.21a6afe57b91.js", "tinymce/langs/ug.js": "tinymce/langs/ug.e8d6f9642abb.js", "tinymce/langs/uk.js": "tinymce/langs/uk.b7bc3cca339b.js", "tinymce/langs/zh_CN.js": "tinymce/langs/zh_CN.c3ceccb2b20b.js", "tinymce/langs/zh_TW.js": "tinymce/langs/zh_TW.8b3673b738b3.js", "admin/css/autocomplete.css": "admin/css/autocomplete.4a81fc4242d0.css", "admin/css/base.css": "admin/css/base.64976e0f7339.css", "admin/css/changelists.css": "admin/css/changelists.9237a1ac391b.css", "admin/css/dark_mode.css": "admin/css/dark_mode.ef27a31af300.css", "admin/css/dashboard.css": "admin/css/dashboard.e90f2068217b.css", "admin/css/forms.css": "admin/css/forms.3b181cba6653.css", "admin/css/login.css": "admin/css/login.586129c60a93.css", "admin/css/nav_sidebar.css": "admin/css/nav_sidebar.269a1bd44627.css", "admin/css/responsive.css": "admin/css/responsive.107cd2690311.css", "admin/css/responsive_rtl.css": "admin/css/responsive_rtl.97b066429fd8.css", "admin/css/rtl.css": "admin/css/rtl.4685390ad96d.css", "admin/css/widgets.css": "admin/css/widgets.0a3765e806b3.css", "admin/img/calendar-icons.svg": "admin\\img\\calendar-icons.39b290681a8b.svg", "admin/img/icon-addlink.svg": "admin\\img\\icon-addlink.d519b3bab011.svg", "admin/img/icon-alert.svg": "admin\\img\\icon-alert.034cc7d8a67f.svg", "admin/img/icon-calendar.svg": "admin\\img\\icon-calendar.ac7aea671bea.svg", "admin/img/icon-changelink.svg": "admin\\img\\icon-changelink.18d2fd706348.svg", "admin/img/icon-clock.svg": "admin\\img\\icon-clock.e1d4dfac3f2b.svg", "admin/img/icon-deletelink.svg": "admin\\img\\icon-deletelink.564ef9dc3854.svg", "admin/img/icon-no.svg": "admin\\img\\icon-no.439e821418cd.svg", "admin/img/icon-unknown-alt.svg": "admin\\img\\icon-unknown-alt.81536e128bb6.svg", "admin/img/icon-unknown.svg": "admin\\img\\icon-unknown.a18cb4398978.svg", "admin/img/icon-viewlink.svg": "admin\\img\\icon-viewlink.41eb31f7826e.svg", "admin/img/icon-yes.svg": "admin\\img\\icon-yes.d2f9f035226a.svg", "admin/img/inline-delete.svg": "admin\\img\\inline-delete.fec1b761f254.svg", "admin/img/LICENSE": "admin\\img\\LICENSE.2c54f4e1ca1c", "admin/img/README.txt": "admin\\img\\README.a70711a38d87.txt", "admin/img/search.svg": "admin\\img\\search.7cf54ff789c6.svg", "admin/img/selector-icons.svg": "admin\\img\\selector-icons.b4555096cea2.svg", "admin/img/sorting-icons.svg": "admin\\img\\sorting-icons.3a097b59f104.svg", "admin/img/tooltag-add.svg": "admin\\img\\tooltag-add.e59d620a9742.svg", "admin/img/tooltag-arrowright.svg": "admin\\img\\tooltag-arrowright.bbfb788a849e.svg", "admin/js/actions.js": "admin/js/actions.eac7e3441574.js", "admin/js/autocomplete.js": "admin/js/autocomplete.01591ab27be7.js", "admin/js/calendar.js": "admin/js/calendar.f8a5d055eb33.js", "admin/js/cancel.js": "admin/js/cancel.ecc4c5ca7b32.js", "admin/js/change_form.js": "admin/js/change_form.9d8ca4f96b75.js", "admin/js/collapse.js": "admin/js/collapse.f84e7410290f.js", "admin/js/core.js": "admin/js/core.cf103cd04ebf.js", "admin/js/filters.js": "admin/js/filters.0e360b7a9f80.js", "admin/js/inlines.js": "admin/js/inlines.22d4d93c00b4.js", "admin/js/jquery.init.js": "admin/js/jquery.init.b7781a0897fc.js", "admin/js/nav_sidebar.js": "admin/js/nav_sidebar.3b9190d420b1.js", "admin/js/popup_response.js": "admin/js/popup_response.c6cc78ea5551.js", "admin/js/prepopulate.js": "admin/js/prepopulate.bd2361dfd64d.js", "admin/js/prepopulate_init.js": "admin/js/prepopulate_init.6cac7f3105b8.js", "admin/js/SelectBox.js": "admin/js/SelectBox.7d3ce5a98007.js", "admin/js/SelectFilter2.js": "admin/js/SelectFilter2.bdb8d0cc579e.js", "admin/js/theme.js": "admin/js/theme.ab270f56bb9c.js", "admin/js/urlify.js": "admin/js/urlify.ae970a820212.js", "summernote/django_summernote.css": "summernote/django_summernote.da2b0553a28b.css", "summernote/django_summernote.css.gz": "summernote/django_summernote.css.8d9421cf6f48.gz", "summernote/django_summernote.da2b0553a28b.css": "summernote/django_summernote.da2b0553a28b.da2b0553a28b.css", "summernote/django_summernote.da2b0553a28b.css.gz": "summernote/django_summernote.da2b0553a28b.css.8d9421cf6f48.gz", "summernote/jquery.fileupload.4bfd85460689.js": "summernote/jquery.fileupload.4bfd85460689.4bfd85460689.js", "summernote/jquery.fileupload.4bfd85460689.js.gz": "summernote/jquery.fileupload.4bfd85460689.js.8b6701603868.gz", "summernote/jquery.fileupload.js": "summernote/jquery.fileupload.4bfd85460689.js", "summernote/jquery.fileupload.js.gz": "summernote/jquery.fileupload.js.8b6701603868.gz", "summernote/jquery.iframe-transport.f371e8d9f573.js": "summernote/jquery.iframe-transport.f371e8d9f573.f371e8d9f573.js", "summernote/jquery.iframe-transport.f371e8d9f573.js.gz": "summernote/jquery.iframe-transport.f371e8d9f573.js.307b2a5d4570.gz", "summernote/jquery.iframe-transport.js": "summernote/jquery.iframe-transport.f371e8d9f573.js", "summernote/jquery.iframe-transport.js.gz": "summernote/jquery.iframe-transport.js.307b2a5d4570.gz", "summernote/jquery.ui.widget.3d0f0f5ca5d8.js": "summernote/jquery.ui.widget.3d0f0f5ca5d8.3d0f0f5ca5d8.js", "summernote/jquery.ui.widget.3d0f0f5ca5d8.js.gz": "summernote/jquery.ui.widget.3d0f0f5ca5d8.js.6e3dc302e987.gz", "summernote/jquery.ui.widget.js": "summernote/jquery.ui.widget.3d0f0f5ca5d8.js", "summernote/jquery.ui.widget.js.gz": "summernote/jquery.ui.widget.js.6e3dc302e987.gz", "summernote/ResizeSensor.d141ad7d132b.js": "summernote/ResizeSensor.d141ad7d132b.d141ad7d132b.js", "summernote/ResizeSensor.d141ad7d132b.js.gz": "summernote/ResizeSensor.d141ad7d132b.js.fab8e41a45ed.gz", "summernote/ResizeSensor.js": "summernote/ResizeSensor.d141ad7d132b.js", "summernote/ResizeSensor.js.gz": "summernote/ResizeSensor.js.fab8e41a45ed.gz", "summernote/SOURCE": "summernote\\SOURCE.d42768e9be98", "summernote/SOURCE.d42768e9be98": "summernote/SOURCE.d42768e9be98.d42768e9be98", "summernote/summernote-bs4.min.180bf8662719.css": "summernote/summernote-bs4.min.180bf8662719.b0d79cf1da64.css", "summernote/summernote-bs4.min.180bf8662719.css.gz": "summernote/summernote-bs4.min.180bf8662719.css.392ae6568bc2.gz", "summernote/summernote-bs4.min.8e9ac96033e8.js": "summernote/summernote-bs4.min.8e9ac96033e8.8e9ac96033e8.js", "summernote/summernote-bs4.min.8e9ac96033e8.js.gz": "summernote/summernote-bs4.min.8e9ac96033e8.js.fdd46962e815.gz", "summernote/summernote-bs4.min.css": "summernote/summernote-bs4.min.180bf8662719.css", "summernote/summernote-bs4.min.css.gz": "summernote/summernote-bs4.min.css.82689a3cd103.gz", "summernote/summernote-bs4.min.js": "summernote/summernote-bs4.min.8e9ac96033e8.js", "summernote/summernote-bs4.min.js.gz": "summernote/summernote-bs4.min.js.fdd46962e815.gz", "summernote/summernote-bs5.min.180bf8662719.css": "summernote/summernote-bs5.min.180bf8662719.b0d79cf1da64.css", "summernote/summernote-bs5.min.180bf8662719.css.gz": "summernote/summernote-bs5.min.180bf8662719.css.392ae6568bc2.gz", "summernote/summernote-bs5.min.css": "summernote/summernote-bs5.min.180bf8662719.css", "summernote/summernote-bs5.min.css.gz": "summernote/summernote-bs5.min.css.82689a3cd103.gz", "summernote/summernote-bs5.min.d498b7e5d3ac.js": "summernote/summernote-bs5.min.d498b7e5d3ac.d498b7e5d3ac.js", "summernote/summernote-bs5.min.d498b7e5d3ac.js.gz": "summernote/summernote-bs5.min.d498b7e5d3ac.js.9d3f82821125.gz", "summernote/summernote-bs5.min.js": "summernote/summernote-bs5.min.d498b7e5d3ac.js", "summernote/summernote-bs5.min.js.gz": "summernote/summernote-bs5.min.js.9d3f82821125.gz", "summernote/summernote-lite.min.060278c4d1c7.css": "summernote/summernote-lite.min.060278c4d1c7.57441b4ea952.css", "summernote/summernote-lite.min.060278c4d1c7.css.gz": "summernote/summernote-lite.min.060278c4d1c7.css.39e42fcf760b.gz", "summernote/summernote-lite.min.1bbb8a47b706.js": "summernote/summernote-lite.min.1bbb8a47b706.1bbb8a47b706.js", "summernote/summernote-lite.min.1bbb8a47b706.js.gz": "summernote/summernote-lite.min.1bbb8a47b706.js.98e97ed44b42.gz", "summernote/summernote-lite.min.css": "summernote/summernote-lite.min.060278c4d1c7.css", "summernote/summernote-lite.min.css.gz": "summernote/summernote-lite.min.css.929e67ac83aa.gz", "summernote/summernote-lite.min.js": "summernote/summernote-lite.min.1bbb8a47b706.js", "summernote/summernote-lite.min.js.gz": "summernote/summernote-lite.min.js.98e97ed44b42.gz", "summernote/summernote.5a782fa52e35.png": "summernote/summernote.5a782fa52e35.5a782fa52e35.png", "summernote/summernote.min.1f5a673becdc.js": "summernote/summernote.min.1f5a673becdc.1f5a673becdc.js", "summernote/summernote.min.1f5a673becdc.js.gz": "summernote/summernote.min.1f5a673becdc.js.100111605b78.gz", "summernote/summernote.min.css": "summernote/summernote.min.d1fed325e4d3.css", "summernote/summernote.min.css.gz": "summernote/summernote.min.css.8bae9b274d08.gz", "summernote/summernote.min.d1fed325e4d3.css": "summernote/summernote.min.d1fed325e4d3.ed8c58c0e9bc.css", "summernote/summernote.min.d1fed325e4d3.css.gz": "summernote/summernote.min.d1fed325e4d3.css.910cc3c52a65.gz", "summernote/summernote.min.js": "summernote/summernote.min.1f5a673becdc.js", "summernote/summernote.min.js.gz": "summernote/summernote.min.js.100111605b78.gz", "summernote/summernote.png": "summernote\\summernote.5a782fa52e35.png", "django_quill/django_quill.css": "django_quill/django_quill.11d0510de1d5.css", "django_quill/django_quill.js": "django_quill/django_quill.557645779788.js", "django_tinymce/init_tinymce.js": "django_tinymce/init_tinymce.74fee416ab52.js", "tinymce/jquery.tinymce.min.js": "tinymce/jquery.tinymce.min.abc669a993b5.js", "tinymce/license.txt": "tinymce/license.6f9589e0c8df.txt", "tinymce/tinymce.d.ts": "tinymce/tinymce.d.23fc47c13998.ts", "tinymce/tinymce.min.js": "tinymce/tinymce.min.41e027f3a3ea.js"}, "version": "1.1", "hash": "f13b9a375380"}